[
  {
    "id": "INSTRUCTIONS",
    "title": "LinkedIn Jobs - Manual Export Required",
    "company": "N/A",
    "location": "N/A",
    "description": "\nLinkedIn Job Discovery Instructions:\n1. Go to https://www.linkedin.com/jobs/\n2. Search for your desired roles\n3. Use LinkedIn's 'Save' feature for interesting jobs\n4. Export saved jobs using browser extension or manual collection\n5. Place the JSON in this file\n        ",
    "url": "https://www.linkedin.com/jobs/",
    "posted_date": "2025-12-31T20:13:46.688254",
    "source": "linkedin",
    "scraped_at": "2025-12-31T20:13:46.688258",
    "discovery_date": "2025-12-31T20:13:46.731980",
    "discovery_run_id": "job-search-20251231-201318",
    "platform": "linkedin"
  }
]