[
  {
    "id": "INSTRUCTIONS",
    "title": "LinkedIn Jobs - Manual Export Required",
    "company": "N/A",
    "location": "N/A",
    "description": "\nLinkedIn Job Discovery Instructions:\n1. Go to https://www.linkedin.com/jobs/\n2. Search for your desired roles\n3. Use LinkedIn's 'Save' feature for interesting jobs\n4. Export saved jobs using browser extension or manual collection\n5. Place the JSON in this file\n        ",
    "url": "https://www.linkedin.com/jobs/",
    "posted_date": "2026-01-23T08:19:02.113684",
    "source": "linkedin",
    "scraped_at": "2026-01-23T08:19:02.113689",
    "discovery_date": "2026-01-23T08:19:02.158581",
    "discovery_run_id": "job-search-20260123-081837",
    "platform": "linkedin"
  }
]